id,title,price,sold_quantity
MLM555333355,Apple Iphone 6 128gb Nuevo Desbloqueado De Fabrica A Meses !,12395,1
MLM552554161,Apple Iphone 6 64gb Nuevo Desbloqueado De Fabrica A Meses !!,11395,11
MLM555333336,Apple Iphone 6 64gb Nuevo Desbloqueado Fabrica Envio Gratis,10995,5
MLM594608608,Celular Apple Iphone 6 16gb Space Silver Gold Caja Generica,10000,28
MLM620412314,Iphone 6 128g Nuevo Accesorios Originales,10000,0
MLM552554172,Apple Iphone 6 16gb 4g Nuevo Desbloqueado De Fabrica A Meses,9995,2
MLM555333327,Apple Iphone 6 16gb Nuevo Desbloqueado Fabrica Envio Gratis,9995,7
MLM599193025,Apple Iphone 6 128gb Nuevo Original Liberados Ios 11.02 Dora,9980,0
MLM550071301,Apple Iphone 6 16gb Nuevo Desbloqueado De Fabrica 4g Lte,9495,2
MLM609129504,Iphone 6 64gb Nuevo 100% Original - Caja Sellada,8799,12
MLM575945564,Celular Apple Iphone 6 Grado B 128gb Silver + Power Case,8490,8
MLM573690284,Celular Apple Iphone 6 Grado B 128gb Silver + Power C.,8490,4
MLM609127442,Iphone 6 16gb Nuevo 100% Original - Caja Sellada,7999,1
MLM572779820,Iphone 6 16gb Space Gray,7999,0
MLM612042307,Iphone 6 16gb Silver Premium Refurbished Garantizado,7899,0
MLM564108977,Iphone 6 128gb Libre Telcel Att Movistar Negro Plata Dorado,7890,1
MLM560739741,Iphone 6 De 16 ,7700,0
MLM566560424,Iphone 6 64gb Desbloqueado ,7500,0
MLM594068360,Iphone 6 32gb Space Gray Sellado Libre Con Garantia,7499,30
MLM550658958,Celular Apple Iphone 6 128gb Original Desbloqueado Spr,7490,152
MLM551285527,Iphone 6 4g Lte 128gb Libre Telcel At&t Movistar Garantia,7450,0
MLM618536208,Iphone 6 32gb Space Gray Nuevo Sin Sellar Libre Con Garantia,7399,0
MLM612042400,Iphone 6 De 16gb Silver Premium Refurbished Garantizado  ,7399,0
MLM567129338,Celular Apple Iphone 6 128 Gb 12 Meses Garantia Envio Gratis,7000,84
MLM566565802,Celular Apple Iphone 6 128 Gb Nuevo 12 Meses Garantia,7000,33
MLM618940463,Iphone 6 128 Gb Original Envio Gratis A Meses Sin Intereses,7000,1
MLM567129292,Celular Apple Iphone 6 128 Gb 12 Meses Garantia,7000,22
MLM608367176,Iphone 6 De 32 Gb Libre Telcel Att Movistar,7000,0
MLM596701317,Iphone 6,7000,0
MLM553415616,Iphone 6 16g,7000,1
MLM566967075,Iphone 6 64 Gb Gris Espacial,6999,0
MLM580225187,Iphone 6 64gb Gris Plata Dorado Libre At&t Movistar Telcel,6900,2
MLM599481938,Iphone 6 16 Gb Gris Espacial - Reacondicionado,6899,4
MLM599473953,Iphone 6 16 Gb Plata - Reacondicionado,6899,1
MLM601551485,Celulares Iphone 6 16gb Gold  Caja Sellada + Power Case,6890,0
MLM601551728,Celulares Iphone 6 16gb Silver  Caja Sellada + Power Case,6890,0
MLM601551290,Celulares Iphone 6 16gb Space Gray Caja Sellada + Power Case,6890,0
MLM610611369,Iphone 6 - 64 Gb - Grado A - Accesorios Originales Completos,6799,5
MLM609920239,Celular Apple Iphone 6 64 Gb Accesorios Originales Completos,6799,1
MLM569115189,Iphone 6 64gb Libre Telcel At&t Movistar Virgin Como Nuevo P,6750,1
MLM602484815,Iphone 6 16gb Excelente Estado,6750,0
MLM576583961,Iphone 6 16gb Negociables!!!!!,6700,0
MLM585715072,Celular Iphone 6 Gray 16gb Nuevo En Caja Liberado Ce179,6699,38
MLM608879348,"Celular Apple Iphone 6 16gb Nuevogold,gris,plata Enviogratis",6599,174
MLM595278252,Iphone 6 16gb Desbloqueado Usado Con 6 Fundas De Regalo,6599,0
MLM599930153,Iphone 6 16gb Liberado  Envio Gratis!!!,6559,6
MLM572183396,Iphone 6 Dorado 64gb Libre Telcel At&t Movistar Garantia P,6550,4
MLM572183371,Iphone 6 64gb Libre Telcel At&t Movistar Dorado Plata Gris C,6500,2
MLM566293655,Iphone 6,6500,0
MLM563986967,Iphone 6 128gb A Tratar,6500,0
MLM602186061,Apple Iphone 6 16gbs Nuevo Caja Sellada Liberado,6499.98,8
MLM566565435,Celular Apple Iphone 6 64gb Nuevo 12 Meses Garantia,6498,122
MLM617339097,Celulares Apple Iphone 6 64gb Plata Original En Caja A Meses,6490,0
MLM566303545,Apple Iphone 6 16gb Original Libre Telcel At&t Movistar,6450,5
MLM592341406,Celular Apple Iphone 6 16gb Liberado Space Gray Envio Gratis,6450,0
MLM575409084,"Iphone 6 128g Excelente Estado , Cable, Cargador, Funda",6450,0
MLM577995842,Iphone 6 64gb Libre Telcel At&t Movistar Virgin Como Nuevo C,6450,2
MLM576349832,Celular Apple Iphone 6 16gb Desbloqueado Y Cargador Original,6399,82
MLM603713361,Remato Iphone 6 16gb Libre Negro Buen Estado Caja Original,6399,0
MLM581009629,Iphone 6 De 64gb,6300,0
MLM584265757,"Iphone 6 De 64 Gb Nuevo Liberado, A Meses Envio Garantía",6299,123
MLM605932035,Celular Apple Iphone 6 16gb Desbloqueado Dorado,6299,7
MLM602334904,Remato Iphone 6 16gb Gris Espacial Buen Estado Libre Telcel,6299,0
MLM618776337,Iphone 6 64 Gb Caja Original Accesorios Envio Gratis Msi,6299,0
MLM606208872,Apple: Iphone 6 64 Gb Libre De Compañia,6200,0
MLM571447533,Apple Iphone 6 64gb Sellado + Funda Original + Cristal + Bat,6000,16
MLM567128715,Celular Apple Iphone 6 64gb 12 Meses Garantia,6000,308
MLM611558545,Iphone 6 De 64 Gb Liberado,6000,0
MLM606775330,Iphone 6 De 16g,6000,0
MLM584259953,"Iphone 6 16 Gb Nuevo Liberado Garantía Envio, A Meses Si",5999,271
MLM609049529,Iphone 6 16gb Caja Y Accesorios Originales,5999,4
MLM616706553,"Iphone 6, 64gb, A1549, Silver, En Caja, Liberado, ",5999,0
MLM610948167,Iphone 6 64 Gb Buen Estado A Solo $4999,5999,0
MLM623363475,Iphone 6 De 32 Con Todos Sus Acesorios,5999,0
MLM590193006,Celulares Apple Iphone 6 64gb Originales Garantía En Oferta!,5990,82
MLM601461509,Celulares Iphone 6 16gb Silver  Grado A  Caja Sellada,5990,1
MLM560377290,Excelente Iphone 6 De 64gb Dorado Libre Telcel Movi At&t,5990,1
MLM561895608,Iphone 6 De 128gb Gris Espacial Telcel Solo Telcel En Oferta,5990,0
MLM601463010,Celulares Iphone 6 16gb Space Gray  Grado A  Caja Sellada,5990,0
MLM588284085,Iphone 6 Liberado,5987,0
MLM606480229,"Iphone 6 64 Gb  12 Msi O Solo $5,300",5900,0
MLM606237538,Celular Apple Iphone 6 64gb 4g Lte Demo ,5899,11
MLM603967204,Iphone 6! 16gb,5899,0
MLM612918418,Apple Iphone 6 16gb Plateado Grado A Caja Original + Regalo,5899,0
MLM614135664,"Iphone 6 A1549, Space Gray, 64gb, Liberado, Estética 9.",5899,0
MLM620557892,Celular Apple Iphone 6 64gb Desbloqueado Grado A,5899,0
MLM616862195,Celular Apple Iphone 6 16gb Plateado Grado A Caja Original,5816.78,3
MLM606310796,Iphone 6 Negro 16gb Desbloqueado Solo $4999,5800,0
MLM605552900,Celulares Apple Iphone 6 - 64 Gb - Grado A - Envio Gratis,5799,93
MLM584265696,Iphone 6 De 64 Gb Liberado Envio Gratis Garantía,5799,34
MLM606289550,Celular Apple Iphone 6 16gb 4g Lte Demo Envio Gratis,5799,0
MLM587573786,Iphone 6 De 64 Gb Apple Telcel Movistar Att Etc,5785,7
MLM564424019,Celular Apple Iphone 6 16gb Nuevo 12 Meses Garantia,5748,41
MLM618768798,Iphone 6 16 Gb Caja Original Envio Gratis A Meses Si,5699,0
MLM602940288,Celular Apple Iphone 6 64gb Original Desbloqueado,5699,5
MLM601462764,Celulares Iphone 6 16gb Space Gray  Grado A,5690,1
MLM601461280,Celulares Iphone 6 16gb Silver  Grado A,5690,0
MLM604137130,Iphone 6 64gb Liberado Estética 10,5600,0
MLM584259908,Iphone 6 De 16 Gb Nuevo Liberado Envio Gratis Garantía,5599,86
MLM619921243,Iphone 6 16gb 4g Lte 8mp Regalo Gratis,5590,1
MLM585776575,Iphone 6 16gb Libre Telcel At&t Movistar Dorado Plata Gris,5590,12
MLM613899159,"Iphone 6, 16 Gb, Reacondicionado, C Sensor Huella, Como Nuev",5550,0
MLM573195416,Iphone 6 16 Gb Estetica 7/10 Liberado De Fábrica,5500,0
MLM620910508,Iphone 6 16 Gb,5499,0
MLM622783808,Iphone 6 64 Gb Libre Para Cualquier Compañia Space Gray,5499,0
MLM609311905,Iphone 6 De 64gb Negro Libre Telcel Movistar At&t Oferta,5490,0
MLM620744426,Iphone 6 De 64gb! Excelente Como Nuevos! Liberados!,5399,0
MLM609790688,Iphone6  Con Factura + Bateria Emergencia+ Funda Piel Gratis,5299,0
MLM617844887,"Iphone 6 Liberado, Estética De 9.7",5099,0
MLM594374799,Celular Apple Iphone 6 16gb+ Audifonos Originales+ Protector,5049,258
MLM620047442,Iphone 6 - 16 Gb - Desbloqueado,5049,0
MLM570693699,Apple Iphone 6 16gb Sellado + Funda Original + Cristal + Bat,5000,33
MLM617171434,Celulares Apple Iphone 6 16gb Caja Accesorios + 1 Cel Gratis,5000,51
MLM567097224,Celular Apple Iphone 6 16gb 12 Meses Garantía,5000,283
MLM623610748,Celular Iphone 6 16 Gb  Smart Watch A1 Reloj Inteligente,5000,0
MLM588373600,Iphone 6 Librado 16gb ,5000,0
MLM621557573,"Iphone 6 De 16gb, Encaja+enviogratis+regalo, Con Garantia",5000,2
MLM611519701,Iphone 6 De 16gb Nuevos,5000,2
MLM606191018,Celular Apple Iphone 6 16gb 4g Lte Demo ,4999,5
MLM612809596,Celular Apple Iphone 6 16gb 4g Lte Reco,4999,3
MLM611804738,Iphone 6,4999,0
MLM622950728,Iphone 6 64gb Dorado At&t Como Nuevo,4900,1
MLM568296956,Iphone 6 No Funciona Camara Delantera,4899,0
MLM613197054,Iphone 6 4899 Nuevos Estetica 10 Libres,4898,0
MLM621417644,Iphone 6 64gb Silver,4889,0
MLM622378759,Iphone 6 Original Telcel - Excelente Estado!,4850,0
MLM587018928,Iphone 6 Urge!!!,4800,0
MLM610705211,Iphone 6 De 64 Gigas,4799,0
MLM620463855,Celular Apple Iphone 6 16gb Desbloqueado Grado A,4699,3
MLM622977483,Iphone 6 16gb,4600,0
MLM574703372,"Iphone 6, 16gb Usado",4500,0
MLM619148922,Iphone 6 16 Gb Usado,4500,0
MLM605116592,Vendo Iphone 6 De 16gb Desbloqueado Space Gray,4500,0
MLM615315794,Iphone 6 16gb Excelentes Condiciones Desbloqueado  ,4499,2
MLM622014749,Celulares Iphone 6 16 Gb Liberado Para Cualquier Compañia ,4499,0
MLM623637451,Iphone 6 De 64 Gb Desbloqueado Color Space Grey Envio Gratis,4499,0
MLM623756673,Iphone 6 Space Grey 64 Gb Desbloqueado Semi Nuevos Msi,4499,0
MLM592349163,Apple Iphone 6  - Meses Sin Intereses - Oferta,4490,0
MLM623468855,"Iphone 6, 16gb",4300,0
MLM622655485,Iphone 6 De 16gb,4300,0
MLM621614893,Iphone 6,4300,0
MLM623377459,"Iphone 6 16 Gb, Desbloqueado De Fabrica, Envio Gratis!",4299,4
MLM614074327,Iphone 6 Libre 16 Gb,4100,0
MLM621363543,Iphone 6 - 16gb - Estética 9.5 - Con Accesorios!,4000,0
